{
  "project_info": {
    "project_number": "726753827392",
    "firebase_url": "https://fir-b6fb3-default-rtdb.europe-west1.firebasedatabase.app",
    "project_id": "fir-b6fb3",
    "storage_bucket": "fir-b6fb3.appspot.com"
  },
  "client": [
    {
      "client_info": {
        "mobilesdk_app_id": "1:726753827392:android:d0263749c7bf2f23699da5",
        "android_client_info": {
          "package_name": "com.example.aplicaciongrupo"
        }
      },
      "oauth_client": [],
      "api_key": [
        {
          "current_key": "AIzaSyBDHGMp4E_xSwoGSR-HrLEB3LWOKrA096U"
        }
      ],
      "services": {
        "appinvite_service": {
          "other_platform_oauth_client": []
        }
      }
    },
    {
      "client_info": {
        "mobilesdk_app_id": "1:726753827392:android:2f2f7c34ae61340d699da5",
        "android_client_info": {
          "package_name": "com.example.firebaseandroidstudio"
        }
      },
      "oauth_client": [],
      "api_key": [
        {
          "current_key": "AIzaSyBDHGMp4E_xSwoGSR-HrLEB3LWOKrA096U"
        }
      ],
      "services": {
        "appinvite_service": {
          "other_platform_oauth_client": []
        }
      }
    }
  ],
  "configuration_version": "1"
}